machine,from_state,event,to_state,guard_rule_id,terminal,notes
ORDER,DRAFT,PREBOOK_SUCCEEDED,PREBOOKED,PREBOOK-001,false,Canonical prebook accepted
ORDER,PREBOOKED,ORDER_CREATED,PAYMENT_PENDING,ORDER-001,false,Order aggregate created
ORDER,PAYMENT_PENDING,PAYMENT_CAPTURED,PAID,PAY-001,false,Original booking payment captured
ORDER,PAID,ORDER_CONFIRMATION_STARTED,CONFIRMATION_PENDING,BOOK-001,false,Supplier booking initiated
ORDER,CONFIRMATION_PENDING,ORDER_CONFIRMED,CONFIRMED,BOOK-004,false,Supplier confirmation number required
ORDER,CONFIRMED,CHECKED_IN,IN_FULFILLMENT,FULFILL-001,false,Confirmed order only
ORDER,IN_FULFILLMENT,FULFILLMENT_COMPLETED,COMPLETED,FULFILL-003,false,Checkout completed
ORDER,COMPLETED,ORDER_CLOSED,CLOSED,ORDER-090,true,All downstream obligations settled
ORDER,CONFIRMED,CHANGE_REQUESTED,CHANGE_PENDING,CHANGE-001,false,Change must be allowed by fare snapshot
ORDER,CHANGE_PENDING,CHANGE_CONFIRMED,CONFIRMED,CHANGE-002,false,New stay confirmed before old stay released
ORDER,CHANGE_PENDING,CHANGE_FAILED,CONFIRMED,CHANGE-099,false,Original confirmed order remains valid
ORDER,CONFIRMED,CANCEL_REQUESTED,CANCEL_PENDING,CANCEL-001,false,Cancellation permitted by fare snapshot
ORDER,CANCEL_PENDING,CANCEL_CONFIRMED,CANCELLED,CANCEL-004,false,Supplier cancellation confirmed
ORDER,CONFIRMED,STAY_CREDIT_CONVERSION_REQUESTED,CREDIT_CONVERSION_PENDING,CREDIT-001,false,Property-only credit allowed
ORDER,CREDIT_CONVERSION_PENDING,STAY_CREDIT_ACTIVATED,CONVERTED_TO_CREDIT,CREDIT-002,false,Credit entitlement reserved before original stay release
ORDER,PAYMENT_PENDING,PAYMENT_FAILED,PAYMENT_FAILED,PAY-099,true,Payment could not be captured
ORDER,CONFIRMATION_PENDING,SUPPLIER_BOOKING_FAILED,CONFIRMATION_FAILED,BOOK-099,false,Requires compensation or payment reversal workflow
PREBOOK,CREATED,PREBOOK_REQUESTED,PROCESSING,PREBOOK-000,false,Connector call started
PREBOOK,PROCESSING,PREBOOK_SUCCEEDED,PREBOOKED,PREBOOK-001,false,Price inventory authorization passed
PREBOOK,PROCESSING,PREBOOK_PRICE_CHANGED,PRICE_CHANGED,PREBOOK-001,true,Client must accept new quote
PREBOOK,PROCESSING,PREBOOK_INVENTORY_LOST,INVENTORY_LOST,PREBOOK-002,true,Inventory unavailable
PREBOOK,PROCESSING,PREBOOK_FAILED,FAILED,PREBOOK-099,true,Connector or rule failure
PREBOOK,PREBOOKED,PREBOOK_EXPIRED,EXPIRED,PREBOOK-003,true,Expired before order creation
PREBOOK,PREBOOKED,ORDER_CREATED,CONSUMED,ORDER-001,true,Used exactly once
PAYMENT,CREATED,PAYMENT_AUTHORIZED,AUTHORIZED,PAY-001,false,Provider authorization succeeded
PAYMENT,AUTHORIZED,PAYMENT_CAPTURED,CAPTURED,PAY-002,true,Capture succeeded
PAYMENT,CREATED,PAYMENT_FAILED,FAILED,PAY-099,true,Authorization or provider failure
PAYMENT,AUTHORIZED,PAYMENT_VOIDED,VOIDED,PAY-003,true,Authorized funds released
REFUND,CALCULATED,REFUND_REQUESTED,REQUESTED,REFUND-001,false,Amount limited to captured less prior refunds
REFUND,REQUESTED,REFUND_PROCESSING,PROCESSING,REFUND-004,false,Provider accepted request
REFUND,PROCESSING,REFUND_COMPLETED,COMPLETED,REFUND-004,true,Provider completion confirmed
REFUND,PROCESSING,REFUND_FAILED,FAILED,REFUND-099,false,Retry or operations workflow
CHANGE,QUOTE_CREATED,CHANGE_REQUESTED,REQUESTED,CHANGE-001,false,Change allowed and quote valid
CHANGE,REQUESTED,CHANGE_PAYMENT_REQUIRED,PAYMENT_PENDING,CHANGE-003,false,Higher price or change fee due
CHANGE,REQUESTED,NEW_STAY_PREBOOKED,NEW_STAY_PREBOOKED,CHANGE-002,false,No extra payment due
CHANGE,PAYMENT_PENDING,CHANGE_ADDITIONAL_PAYMENT_CAPTURED,NEW_STAY_PREBOOKED,CHANGE-003,false,Additional payment captured
CHANGE,NEW_STAY_PREBOOKED,SUPPLIER_CHANGE_REQUESTED,SUPPLIER_PROCESSING,CHANGE-002,false,New inventory secured before release
CHANGE,SUPPLIER_PROCESSING,CHANGE_CONFIRMED,CONFIRMED,CHANGE-002,true,New stay confirmed
CHANGE,SUPPLIER_PROCESSING,CHANGE_FAILED,FAILED,CHANGE-099,false,Rollback required
CHANGE,FAILED,CHANGE_ROLLED_BACK,ROLLED_BACK,CHANGE-099,true,Original order restored and additional payment refunded if captured
STAY_CREDIT,RESERVED,ORIGINAL_STAY_RELEASED,ACTIVE,CREDIT-001,false,Activation after original stay safely released
STAY_CREDIT,ACTIVE,STAY_CREDIT_REDEMPTION_RESERVED,REDEEMING,CREDIT-003,false,One-time redemption lock
STAY_CREDIT,REDEEMING,STAY_CREDIT_REDEEMED,REDEEMED,CREDIT-003,true,One-time use complete; remaining value not carried forward
STAY_CREDIT,ACTIVE,STAY_CREDIT_EXPIRED,EXPIRED,CREDIT-002,true,365-day validity expired
LIABILITY,CALCULATED,SETTLEMENT_OFFSET_STARTED,OFFSET_PENDING,COMP-001,false,Supplier fault final
LIABILITY,OFFSET_PENDING,SETTLEMENT_OFFSET_PARTIAL,BANK_DEBIT_PENDING,COMP-002,false,Remaining liability requires bank debit
LIABILITY,BANK_DEBIT_PENDING,BANK_DEBIT_SUCCEEDED,CLEARED,COMP-003,true,Liability fully recovered
LIABILITY,BANK_DEBIT_PENDING,BANK_DEBIT_FAILED,NEGATIVE_BALANCE,COMP-004,false,Consumer may be protected by GO fund; supplier debt remains
LIABILITY,NEGATIVE_BALANCE,SETTLEMENT_RECOVERY_PARTIAL,PARTIALLY_RECOVERED,COMP-004,false,Future settlements offset debt
LIABILITY,PARTIALLY_RECOVERED,LIABILITY_CLEARED,CLEARED,COMP-004,true,Debt recovered
REVIEW,ELIGIBLE,FIRST_REVIEW_INVITE_SENT,FIRST_INVITE_SENT,REVIEW-001,false,Verified stay only
REVIEW,FIRST_INVITE_SENT,REVIEW_NOT_COMPLETED,NOT_REVIEWED,REVIEW-004,false,Eligible for second trigger
REVIEW,NOT_REVIEWED,SECOND_REVIEW_TRIGGERED,SECOND_TRIGGERED,REVIEW-004,false,Only on next GO entry
REVIEW,FIRST_INVITE_SENT,REVIEW_COMPLETED,COMPLETED,REVIEW-002,false,Submission immutable; second trigger permanently disabled; governance lifecycle remains open
REVIEW,SECOND_TRIGGERED,REVIEW_COMPLETED,COMPLETED,REVIEW-003,false,1-3 stars require at least one structured tag; submission immutable; governance lifecycle remains open
REVIEW,COMPLETED,REVIEW_DISPUTED,DISPUTED,REVIEW-010,false,Supplier dispute accepted
REVIEW,DISPUTED,REVIEW_FROZEN,FROZEN,REVIEW-011,false,Scoring impact temporarily frozen
REVIEW,FROZEN,REVIEW_REINSTATED,COMPLETED,REVIEW-012,true,Review restored after adjudication
REVIEW,FROZEN,REVIEW_INVALIDATED,INVALIDATED,REVIEW-013,true,Review invalidated for scoring
RISK,CANDIDATE,RISK_TRIAGE_COMPLETED,UNDER_REVIEW,RISK-001,false,Candidate never equals confirmed
RISK,UNDER_REVIEW,RISK_EVENT_CONFIRMED,CONFIRMED,RISK-002,false,Evidence threshold passed
RISK,UNDER_REVIEW,RISK_EVENT_DOWNGRADED,DOWNGRADED,RISK-002,true,Material issue but not serious risk
RISK,UNDER_REVIEW,RISK_EVENT_REJECTED,REJECTED,RISK-002,true,Evidence insufficient or claim disproven
RISK,CONFIRMED,REMEDIATION_REQUIRED,REMEDIATION_REQUIRED,RISK-005,false,Public notice may be active
RISK,REMEDIATION_REQUIRED,REMEDIATION_VERIFIED,REMEDIATION_VERIFIED,RISK-006,false,Submitted remediation verified
RISK,REMEDIATION_VERIFIED,RISK_MONITORING_STARTED,MONITORING,RISK-007,false,Observation window started
RISK,MONITORING,RISK_EVENT_RESOLVED,RESOLVED,RISK-008,true,Resolved but historical evidence retained
RISK,CONFIRMED,RISK_EVENT_DISPUTED,DISPUTED,RISK-010,false,Appeal does not automatically remove public notice
RISK,DISPUTED,RISK_EVENT_REVERSED,REVERSED,RISK-011,true,Public notice removed and judgment reevaluated
AUTHORIZATION,DRAFT,AUTHORIZATION_ACTIVATED,ACTIVE,AUTH-001,false,Valid signed evidence and scope required
AUTHORIZATION,ACTIVE,AUTHORIZATION_EXPIRED,EXPIRED,AUTH-002,true,Effective window ended
AUTHORIZATION,ACTIVE,AUTHORIZATION_REVOKED,REVOKED,AUTH-003,true,Supplier or GO governance revocation
AUTHORIZATION,ACTIVE,AUTHORIZATION_SUSPENDED,SUSPENDED,AUTH-004,false,Temporarily unusable
