path,change,base_git_blob,candidate_git_blob,sha256
application/frontend/consumer/app.js,MODIFIED,2f38a8324bba29f89e73a2ac3bb530bd2b7e79fe,c57c482be6e3371aa46824aea65df7877f488b79,2a0269489b5563515971ea7cd63a903263daa7b85af710c7e9ff35b0a2839ea7
application/frontend/shared/app.js,MODIFIED,4929cc90e917fd89bf93a6cb45b7c9cbf167d67a,022d6b98af2573ad0825039d78a1c46f49eb93cd,6ab5c50a8967496f022dc2275029eb0f3067136ad4b85fa69bf94aebbb2beaea
application/frontend/shared/styles.css,MODIFIED,2019abbee518ee308a3f7e67a4caed2aaf544c52,bf7d025de5332cefe01af4542f847f902a3d281e,a6265ba1260507ef732bb0c24932e74937f5dac727f9525a0ab0439a14a36287
application/scripts/acceptance_runtime.py,MODIFIED,298530ad287e3ada55d26ba98ce4fbc300130f66,2d5ce369df34284a12063e4cb89b2926e8dc4eb7,ecce59c7a2dcea8809babb2a50727770827a9726f6a1ed8d1479ce4b10d42d81
application/src/go_hotel/api/routes/dashboard.py,MODIFIED,d35ef0c0428eb428fff3721887468c3029508436,38bce9efc1ef0b6d4357640eda6b2b6b600b3bf7,6edd05c92f18fd974ef078825b962791950ce8368a04d60facb1172bae3a19f6
application/src/go_hotel/api/routes/operations_console.py,MODIFIED,d5dbf9102ff30ce5d6d7c172936806a570af913c,9dd062850d3f6815db20c14cc332928bffa2c98f,bd86fafa9740a25d1ed3ab7848e192a2cf1b21f30e643f19654d01603a0f3847
application/src/go_hotel/services/operational.py,MODIFIED,6be748277f5f108de0ae7dc3f9658ef6e3ab8dec,b21e4ff91d4d8a80aafd55a9ee1f7c545b544a27,dfa466110962f5110445fbf26b5266988205b748c28a63eb473d7e4ee38f50f3
application/src/go_hotel/services/transaction_order_view.py,ADDED,,0c44512ee3973010306783e5acb3827c1618adf0,91cb42bea2caad874504bd4ffed7456ca617d7ddb0d62a49d0cfe7d616004918
application/tests/test_depth41_transaction_views.py,ADDED,,4e95ec0bb6f1cd0de229b577b947e9b0f9a11f9e,2125f248b60585ba5e01667c83347c89dee617f7363ecebad12bbf216f4f1217
